{"wine.data": {"instances": 177, "attributes": 14, "uniqueClasses": 121, 
    "entropy": 0.9721297481394081, "spCorr": 0.07692307692307693, "pCorr": 1.0, "snCorr": 0.0, "nCorr": 0.0}, 
    "    lung-cancer.data": {"instances": 31, "attributes": 57, "uniqueClasses": 2, "entropy": 0.869137580612638, "spCorr": 0.018483709273182956, 
        "pCorr": 0.8978696741854637, "snCorr": 0.0, "nCorr": 0.03132832080200501}, 
        "adult.data": {"instances": 32560, "attributes": 15, "uniqueClasses": 2, "entropy": 0.7963962067582189, "spCorr": 0.02857142857142857,
             "pCorr": 0.14285714285714285, "snCorr": 0.0, "nCorr": 0.0}, "iris.data": {"instances": 149, "attributes": 5, "uniqueClasses": 3, 
                "entropy": 0.9999589074278228, "spCorr": 0.2, "pCorr": 0.6, "snCorr": 0.0, "nCorr": 0.0}, "glass.data": {"instances": 213, "attributes": 11, 
                    "uniqueClasses": 6, "entropy": 0.8430105892200701, "spCorr": 0.1, "pCorr": 1.0, "snCorr": 0.0, "nCorr": 0.0}, "bridges.data": {
                        "instances": 107, "attributes": 13, "uniqueClasses": 8, "entropy": 0.8195829423552197}, "trains-transformed.data": {"instances": 9, 
                            "attributes": 1, "uniqueClasses": 9, "entropy": 1.0000000000000002}, "arrhythmia.data": {"instances": 451, "attributes": 280,
                                 "uniqueClasses": 13, "entropy": 0.6454349689621315, "spCorr": 0.0033026113671274964, "pCorr": 0.8487711213517665, 
                                 "snCorr": 0.0, "nCorr": 0.0}, "dermatology.data": {"instances": 365, "attributes": 35, "uniqueClasses": 6, 
                                    "entropy": 0.9408850852160752, "spCorr": 0.02857142857142857, "pCorr": 0.9428571428571428, "snCorr": 0.0, "nCorr": 0.0}, 
                                    "yellow-small+adult-stretch.data": {"instances": 75, "attributes": 5, "uniqueClasses": 2, "entropy": 0.993707106604508}}