{"GaussianNB": {"MI": {"0": {"precision": 1.0, "recall": 1.0, "f1-score": 1.0, "support": 14}, "1": {"precision": 0.7647058823529411, "recall": 0.9285714285714286, "f1-score": 0.8387096774193549, "support": 14}, "2": {"precision": 0.8571428571428571, "recall": 0.6, "f1-score": 0.7058823529411764, "support": 10}, "accuracy": 0.868421052631579, "macro avg": {"precision": 0.8739495798319328, "recall": 0.8428571428571429, "f1-score": 0.8481973434535105, "support": 38}, "weighted avg": {"precision": 0.8757187085360458, "recall": 0.868421052631579, "f1-score": 0.8631778687705981, "support": 38}}, "GR": {"0": {"precision": 1.0, "recall": 1.0, "f1-score": 1.0, "support": 14}, "1": {"precision": 0.7647058823529411, "recall": 0.9285714285714286, "f1-score": 0.8387096774193549, "support": 14}, "2": {"precision": 0.8571428571428571, "recall": 0.6, "f1-score": 0.7058823529411764, "support": 10}, "accuracy": 0.868421052631579, "macro avg": {"precision": 0.8739495798319328, "recall": 0.8428571428571429, "f1-score": 0.8481973434535105, "support": 38}, "weighted avg": {"precision": 0.8757187085360458, "recall": 0.868421052631579, "f1-score": 0.8631778687705981, "support": 38}}, "mrmr": {"0": {"precision": 1.0, "recall": 1.0, "f1-score": 1.0, "support": 14}, "1": {"precision": 0.75, "recall": 0.8571428571428571, "f1-score": 0.7999999999999999, "support": 14}, "2": {"precision": 0.75, "recall": 0.6, "f1-score": 0.6666666666666665, "support": 10}, "accuracy": 0.8421052631578947, "macro avg": {"precision": 0.8333333333333334, "recall": 0.8190476190476191, "f1-score": 0.8222222222222221, "support": 38}, "weighted avg": {"precision": 0.8421052631578947, "recall": 0.8421052631578947, "f1-score": 0.8385964912280701, "support": 38}}, "fcbf": {"0": {"precision": 1.0, "recall": 0.9285714285714286, "f1-score": 0.962962962962963, "support": 14}, "1": {"precision": 0.6666666666666666, "recall": 0.7142857142857143, "f1-score": 0.689655172413793, "support": 14}, "2": {"precision": 0.6, "recall": 0.6, "f1-score": 0.6, "support": 10}, "accuracy": 0.7631578947368421, "macro avg": {"precision": 0.7555555555555555, "recall": 0.7476190476190476, "f1-score": 0.750872711792252, "support": 38}, "weighted avg": {"precision": 0.7719298245614035, "recall": 0.7631578947368421, "f1-score": 0.766754049875647, "support": 38}}, "relief": {"0": {"precision": 1.0, "recall": 1.0, "f1-score": 1.0, "support": 14}, "1": {"precision": 0.7647058823529411, "recall": 0.9285714285714286, "f1-score": 0.8387096774193549, "support": 14}, "2": {"precision": 0.8571428571428571, "recall": 0.6, "f1-score": 0.7058823529411764, "support": 10}, "accuracy": 0.868421052631579, "macro avg": {"precision": 0.8739495798319328, "recall": 0.8428571428571429, "f1-score": 0.8481973434535105, "support": 38}, "weighted avg": {"precision": 0.8757187085360458, "recall": 0.868421052631579, "f1-score": 0.8631778687705981, "support": 38}}}, "SVC": {"MI": {"0": {"precision": 1.0, "recall": 1.0, "f1-score": 1.0, "support": 14}, "1": {"precision": 0.8125, "recall": 0.9285714285714286, "f1-score": 0.8666666666666666, "support": 14}, "2": {"precision": 0.875, "recall": 0.7, "f1-score": 0.7777777777777777, "support": 10}, "accuracy": 0.8947368421052632, "macro avg": {"precision": 0.8958333333333334, "recall": 0.8761904761904762, "f1-score": 0.8814814814814814, "support": 38}, "weighted avg": {"precision": 0.8980263157894737, "recall": 0.8947368421052632, "f1-score": 0.8923976608187134, "support": 38}}, "GR": {"0": {"precision": 1.0, "recall": 1.0, "f1-score": 1.0, "support": 14}, "1": {"precision": 0.8125, "recall": 0.9285714285714286, "f1-score": 0.8666666666666666, "support": 14}, "2": {"precision": 0.875, "recall": 0.7, "f1-score": 0.7777777777777777, "support": 10}, "accuracy": 0.8947368421052632, "macro avg": {"precision": 0.8958333333333334, "recall": 0.8761904761904762, "f1-score": 0.8814814814814814, "support": 38}, "weighted avg": {"precision": 0.8980263157894737, "recall": 0.8947368421052632, "f1-score": 0.8923976608187134, "support": 38}}, "mrmr": {"0": {"precision": 1.0, "recall": 1.0, "f1-score": 1.0, "support": 14}, "1": {"precision": 0.7647058823529411, "recall": 0.9285714285714286, "f1-score": 0.8387096774193549, "support": 14}, "2": {"precision": 0.8571428571428571, "recall": 0.6, "f1-score": 0.7058823529411764, "support": 10}, "accuracy": 0.868421052631579, "macro avg": {"precision": 0.8739495798319328, "recall": 0.8428571428571429, "f1-score": 0.8481973434535105, "support": 38}, "weighted avg": {"precision": 0.8757187085360458, "recall": 0.868421052631579, "f1-score": 0.8631778687705981, "support": 38}}, "fcbf": {"0": {"precision": 1.0, "recall": 0.9285714285714286, "f1-score": 0.962962962962963, "support": 14}, "1": {"precision": 0.6875, "recall": 0.7857142857142857, "f1-score": 0.7333333333333334, "support": 14}, "2": {"precision": 0.6666666666666666, "recall": 0.6, "f1-score": 0.631578947368421, "support": 10}, "accuracy": 0.7894736842105263, "macro avg": {"precision": 0.7847222222222222, "recall": 0.7714285714285715, "f1-score": 0.7759584145549058, "support": 38}, "weighted avg": {"precision": 0.7971491228070174, "recall": 0.7894736842105263, "f1-score": 0.7911562532061147, "support": 38}}, "relief": {"0": {"precision": 1.0, "recall": 1.0, "f1-score": 1.0, "support": 14}, "1": {"precision": 0.8125, "recall": 0.9285714285714286, "f1-score": 0.8666666666666666, "support": 14}, "2": {"precision": 0.875, "recall": 0.7, "f1-score": 0.7777777777777777, "support": 10}, "accuracy": 0.8947368421052632, "macro avg": {"precision": 0.8958333333333334, "recall": 0.8761904761904762, "f1-score": 0.8814814814814814, "support": 38}, "weighted avg": {"precision": 0.8980263157894737, "recall": 0.8947368421052632, "f1-score": 0.8923976608187134, "support": 38}}}, "C45": {"MI": {"0": {"precision": 0.9333333333333333, "recall": 1.0, "f1-score": 0.9655172413793104, "support": 14}, "1": {"precision": 0.75, "recall": 0.8571428571428571, "f1-score": 0.7999999999999999, "support": 14}, "2": {"precision": 0.8571428571428571, "recall": 0.6, "f1-score": 0.7058823529411764, "support": 10}, "accuracy": 0.8421052631578947, "macro avg": {"precision": 0.8468253968253968, "recall": 0.8190476190476191, "f1-score": 0.8237998647734956, "support": 38}, "weighted avg": {"precision": 0.8457393483709273, "recall": 0.8421052631578947, "f1-score": 0.8362122344400555, "support": 38}}, "GR": {"0": {"precision": 0.9333333333333333, "recall": 1.0, "f1-score": 0.9655172413793104, "support": 14}, "1": {"precision": 0.75, "recall": 0.8571428571428571, "f1-score": 0.7999999999999999, "support": 14}, "2": {"precision": 0.8571428571428571, "recall": 0.6, "f1-score": 0.7058823529411764, "support": 10}, "accuracy": 0.8421052631578947, "macro avg": {"precision": 0.8468253968253968, "recall": 0.8190476190476191, "f1-score": 0.8237998647734956, "support": 38}, "weighted avg": {"precision": 0.8457393483709273, "recall": 0.8421052631578947, "f1-score": 0.8362122344400555, "support": 38}}, "mrmr": {"0": {"precision": 1.0, "recall": 1.0, "f1-score": 1.0, "support": 14}, "1": {"precision": 0.7647058823529411, "recall": 0.9285714285714286, "f1-score": 0.8387096774193549, "support": 14}, "2": {"precision": 0.8571428571428571, "recall": 0.6, "f1-score": 0.7058823529411764, "support": 10}, "accuracy": 0.868421052631579, "macro avg": {"precision": 0.8739495798319328, "recall": 0.8428571428571429, "f1-score": 0.8481973434535105, "support": 38}, "weighted avg": {"precision": 0.8757187085360458, "recall": 0.868421052631579, "f1-score": 0.8631778687705981, "support": 38}}, "fcbf": {"0": {"precision": 1.0, "recall": 0.8571428571428571, "f1-score": 0.923076923076923, "support": 14}, "1": {"precision": 0.5833333333333334, "recall": 0.5, "f1-score": 0.5384615384615384, "support": 14}, "2": {"precision": 0.5, "recall": 0.7, "f1-score": 0.5833333333333334, "support": 10}, "accuracy": 0.6842105263157895, "macro avg": {"precision": 0.6944444444444445, "recall": 0.6857142857142856,