{
    "Wholesale customers data.csv": {
        "completeness": 0.0,
        "imbalanceRatio": 0.010072314049586775,
        "conciseness": 0.0,
        "syntaxAccuracy": 0.0,
        "classOverlap": 0.0,
        "outlierDetection": 0.0005681818181818182,
        "instances": 440,
        "attributes": 8,
        "uniqueClasses": 2,
        "entropy": 0.9073226451896848,
        "snr": 50.70997990561757,
        "ena": 2.4443190740015877,
        "symmetrical": 0.0,
        "moderasymmetrical": 0.6666666666666666,
        "strongasymmetric": 0.3333333333333333,
        "spCorr": 0.03571428571428571,
        "pCorr": 0.03571428571428571,
        "snCorr": 0.0,
        "nCorr": 0.0
    },
     "caesarian.csv":
     {
        "completeness": 0.0,
        "imbalanceRatio": 0.0,
        "conciseness": 0.05063291139240511,
        "syntaxAccuracy": 0.0,
        "classOverlap": 0.0,
        "outlierDetection": 0.002109704641350211,
        "instances": 79,
        "attributes": 6,
        "uniqueClasses": 2,
        "entropy": 0.980377508715691,
        "snr": 1.3637846052709248,
        "ena": 0.1814602515666407,
        "symmetrical": 0.0,
        "moderasymmetrical": 1.0,
        "strongasymmetric": 0.0,
        "spCorr": 0.16666666666666666,
        "pCorr": 0.3333333333333333,
        "snCorr": 0.0,
        "nCorr": 0.3333333333333333
    },
    "bank-full.csv": {
        "completeness": 0.0,
        "imbalanceRatio": 9.966736242404426e-05,
        "conciseness": 0.0,
        "syntaxAccuracy": 0.058823529411764705,
        "classOverlap": 0.0,
        "outlierDetection": 0.00034869182018431227,
        "instances": 45211,
        "attributes": 17,
        "uniqueClasses": 2,
        "entropy": 0.5206312212538164,
        "snr": 5.382458896581244,
        "ena": 0.02144394773667863,
        "symmetrical": 0.0,
        "moderasymmetrical": 1.0,
        "strongasymmetric": 0.0,
        "spCorr": 0.058823529411764705,
        "pCorr": 0.39705882352941174,
        "snCorr": 0.0,
        "nCorr": 0.4852941176470588
    },
    "data_banknote_authentication.csv": {
        "completeness": 0.0,
        "imbalanceRatio": 0.0,
        "conciseness": 0.017505470459518557,
        "syntaxAccuracy": 0.0,
        "classOverlap": 0.0,
        "outlierDetection": 0.0014587892049598833,
        "instances": 1371,
        "attributes": 5,
        "uniqueClasses": 2,
        "entropy": 0.9912319108478986,
        "snr": 161.96455117673804,
        "ena": 0.12879770636537705,
        "symmetrical": 0.75,
        "moderasymmetrical": 0.25,
        "strongasymmetric": 0.0,
        "spCorr": 0.05,
        "pCorr": 0.0,
        "snCorr": 0.0,
        "nCorr": 0.0
    },
    "heart_failure_clinical_records_datase.csv": {
        "completeness": 0.0,
        "imbalanceRatio": 0.009206574010099696,
        "conciseness": 0.0,
        "syntaxAccuracy": 0.15384615384615385,
        "classOverlap": 0.0,
        "outlierDetection": 0.0002572678157962439,
        "instances": 299,
        "attributes": 13,
        "uniqueClasses": 2,
        "entropy": 0.9055415027672631,
        "snr": 4.234217912105342,
        "ena": 0.05980052746226236,
        "symmetrical": 0.2,
        "moderasymmetrical": 0.6,
        "strongasymmetric": 0.2,
        "spCorr": 0.05128205128205128,
        "pCorr": 0.1282051282051282,
        "snCorr": 0.0,
        "nCorr": 0.23076923076923078
    },
    "wine.data": {
        "completeness": 0.0,
        "imbalanceRatio": 0.0,
        "conciseness": 0.0,
        "syntaxAccuracy": 0.0,
        "classOverlap": 0.0016142050040355124,
        "outlierDetection": 0.0008071025020177562,
        "instances": 177,
        "attributes": 14,
        "uniqueClasses": 3,
        "entropy": 0.9884318013785918,
        "snr": 12.010410425696104,
        "ena": 0.14552751397807345,
        "symmetrical": 0.5384615384615384,
        "moderasymmetrical": 0.38461538461538464,
        "strongasymmetric": 0.07692307692307693,
        "spCorr": 0.005494505494505495,
        "pCorr": 0.0,
        "snCorr": 0.0,
        "nCorr": 0.0
    },
     "HCV-Egy-Data2.csv": {
        "completeness": 0.0,
        "imbalanceRatio": 0.0,
        "conciseness": 0.0,
        "syntaxAccuracy": 0.0,
        "classOverlap": 4.9794597286194446e-05,
        "outlierDetection": 4.9794597286194446e-05,
        "instances": 1385,
        "attributes": 29,
        "uniqueClasses": 4,
        "entropy": 0.9995244237916912,
        "snr": 2.7228926474058284,
        "ena": 0.03517261274300815,
        "symmetrical": 0.7333333333333333,
        "moderasymmetrical": 0.26666666666666666,
        "strongasymmetric": 0.0,
        "spCorr": 0.017241379310344827,
        "pCorr": 0.10837438423645321,
        "snCorr": 0.0,
        "nCorr": 0.11576354679802955
    }
}