{"GaussianNB": {"MI": {"0": {"precision": 1.0, "recall": 1.0, "f1-score": 1.0, "support": 16}, "1": {"precision": 1.0, "recall": 0.95, "f1-score": 0.9743589743589743, "support": 20}, "2": {"precision": 0.9, "recall": 1.0, "f1-score": 0.9473684210526316, "support": 9}, "accuracy": 0.9777777777777777, "macro avg": {"precision": 0.9666666666666667, "recall": 0.9833333333333334, "f1-score": 0.9739091318038687, "support": 45}, "weighted avg": {"precision": 0.98, "recall": 0.9777777777777777, "f1-score": 0.978077672814515, "support": 45}}, "GR": {"0": {"precision": 1.0, "recall": 1.0, "f1-score": 1.0, "support": 16}, "1": {"precision": 1.0, "recall": 0.95, "f1-score": 0.9743589743589743, "support": 20}, "2": {"precision": 0.9, "recall": 1.0, "f1-score": 0.9473684210526316, "support": 9}, "accuracy": 0.9777777777777777, "macro avg": {"precision": 0.9666666666666667, "recall": 0.9833333333333334, "f1-score": 0.9739091318038687, "support": 45}, "weighted avg": {"precision": 0.98, "recall": 0.9777777777777777, "f1-score": 0.978077672814515, "support": 45}}, "mrmr": {"0": {"precision": 1.0, "recall": 0.8125, "f1-score": 0.896551724137931, "support": 16}, "1": {"precision": 0.8333333333333334, "recall": 1.0, "f1-score": 0.9090909090909091, "support": 20}, "2": {"precision": 1.0, "recall": 0.8888888888888888, "f1-score": 0.9411764705882353, "support": 9}, "accuracy": 0.9111111111111111, "macro avg": {"precision": 0.9444444444444445, "recall": 0.9004629629629629, "f1-score": 0.9156063679390251, "support": 45}, "weighted avg": {"precision": 0.925925925925926, "recall": 0.9111111111111111, "f1-score": 0.9110496445182042, "support": 45}}, "fcbf": {"0": {"precision": 1.0, "recall": 0.875, "f1-score": 0.9333333333333333, "support": 16}, "1": {"precision": 0.8695652173913043, "recall": 1.0, "f1-score": 0.9302325581395349, "support": 20}, "2": {"precision": 1.0, "recall": 0.8888888888888888, "f1-score": 0.9411764705882353, "support": 9}, "accuracy": 0.9333333333333333, "macro avg": {"precision": 0.9565217391304347, "recall": 0.9212962962962963, "f1-score": 0.9349141206870346, "support": 45}, "weighted avg": {"precision": 0.9420289855072463, "recall": 0.9333333333333333, "f1-score": 0.9335238384759589, "support": 45}}, "relief": {"0": {"precision": 1.0, "recall": 0.9375, "f1-score": 0.967741935483871, "support": 16}, "1": {"precision": 0.95, "recall": 0.95, "f1-score": 0.9500000000000001, "support": 20}, "2": {"precision": 0.9, "recall": 1.0, "f1-score": 0.9473684210526316, "support": 9}, "accuracy": 0.9555555555555556, "macro avg": {"precision": 0.9500000000000001, "recall": 0.9625, "f1-score": 0.9550367855121676, "support": 45}, "weighted avg": {"precision": 0.9577777777777778, "recall": 0.9555555555555556, "f1-score": 0.9557819279381249, "support": 45}}}, "SVC": {"MI": {"0": {"precision": 1.0, "recall": 1.0, "f1-score": 1.0, "support": 16}, "1": {"precision": 1.0, "recall": 0.95, "f1-score": 0.9743589743589743, "support": 20}, "2": {"precision": 0.9, "recall": 1.0, "f1-score": 0.9473684210526316, "support": 9}, "accuracy": 0.9777777777777777, "macro avg": {"precision": 0.9666666666666667, "recall": 0.9833333333333334, "f1-score": 0.9739091318038687, "support": 45}, "weighted avg": {"precision": 0.98, "recall": 0.9777777777777777, "f1-score": 0.978077672814515, "support": 45}}, "GR": {"0": {"precision": 1.0, "recall": 1.0, "f1-score": 1.0, "support": 16}, "1": {"precision": 0.95, "recall": 0.95, "f1-score": 0.9500000000000001, "support": 20}, "2": {"precision": 0.8888888888888888, "recall": 0.8888888888888888, "f1-score": 0.8888888888888888, "support": 9}, "accuracy": 0.9555555555555556, "macro avg": {"precision": 0.9462962962962962, "recall": 0.9462962962962962, "f1-score": 0.9462962962962963, "support": 45}, "weighted avg": {"precision": 0.9555555555555556, "recall": 0.9555555555555556, "f1-score": 0.9555555555555556, "support": 45}}, "mrmr": {"0": {"precision": 1.0, "recall": 0.9375, "f1-score": 0.967741935483871, "support": 16}, "1": {"precision": 0.95, "recall": 0.95, "f1-score": 0.9500000000000001, "support": 20}, "2": {"precision": 0.9, "recall": 1.0, "f1-score": 0.9473684210526316, "support": 9}, "accuracy": 0.9555555555555556, "macro avg": {"precision": 0.9500000000000001, "recall": 0.9625, "f1-score": 0.9550367855121676, "support": 45}, "weighted avg": {"precision": 0.9577777777777778, "recall": 0.9555555555555556, "f1-score": 0.9557819279381249, "support": 45}}, "fcbf": {"0": {"precision": 0.8421052631578947, "recall": 1.0, "f1-score": 0.9142857142857143, "support": 16}, "1": {"precision": 1.0, "recall": 0.9, "f1-score": 0.9473684210526316, "support": 20}, "2": {"precision": 1.0, "recall": 0.8888888888888888, "f1-score": 0.9411764705882353, "support": 9}, "accuracy": 0.9333333333333333, "macro avg": {"precision": 0.9473684210526315, "recall": 0.9296296296296296, "f1-score": 0.9342768686421937, "support": 45}, "weighted avg": {"precision": 0.943859649122807, "recall": 0.9333333333333333, "f1-score": 0.9343672907759596, "support": 45}}, "relief": {"0": {"precision": 0.9375, "recall": 0.9375, "f1-score": 0.9375, "support": 16}, "1": {"precision": 0.9, "recall": 0.9, "f1-score": 0.9, "support": 20}, "2": {"precision": 0.8888888888888888, "recall": 0.8888888888888888, "f1-score": 0.8888888888888888, "support": 9}, "accuracy": 0.9111111111111111, "macro avg": {"precision": 0.9087962962962962, "recall": 0.9087962962962962, "f1-score": 0.9087962962962962, "support": 45}, "weighted avg": {"precision": 0.9111111111111111, "recall": 0.9111111111111111, "f1-score": 0.9111111111111111, "support": 45}}}, "C45": {"MI": {"0": {"precision": 0.9411764705882353, "recall": 1.0, "f1-score": 0.9696969696969697, "support": 16}, "1": {"precision": 1.0, "recall": 0.9, "f1-score": 0.9473684210526316, "support": 20}, "2": {"precision": 0.9, "recall": 1.0, "f1-score": 0.9473684210526316, "support": 9}, "accuracy": 0.9555555555555556, "macro avg": {"precision": 0.9470588235294118, "recall": 0.9666666666666667, "f1-score": 0.9548112706007443, "support": 45}, "weighted avg": {"precision": 0.9590849673202615, "recall": 0.9555555555555556, "f1-score": 0.9553074605706184, "support": 45}}, "GR": {"0": {"precision": 0.9411764705882353, "recall": 1.0, "f1-score": 0.9696969696969697, "support": 16}, "1": {"precision": 1.0, "recall": 0.9, "f1-score": 0.9473684210526316, "support": 20}, "2": {"precision": 0.9, "recall": 1.0, "f1-score": 0.9473684210526316, "support": 9}, "accuracy": 0.9555555555555556, "macro avg": {"precision": 0.9470588235294118, "recall": 0.9666666666666667, "f1-score": 0.9548112706007443, "support": 45}, "weighted avg": {"precision": 0.9590849673202615, "recall": 0.9555555555555556, "f1-score": 0.9553074605706184, "support": 45}}, "mrmr": {"0": {"precision": 0.9411764705882353, "recall": 1.0, "f1-score": 0.9696969696969697, "support": 16}, "1": {"precision": 1.0, "recall": 0.9, "f1-score": 0.9473684210526316, "support": 20}, "2": {"precision": 0.9, "recall": 1.0, "f1-score": 0.9473684210526316, "support": 9}, "accuracy": 0.9555555555555556, "macro avg": {"precision": 0.9470588235294118, "recall": 0.9666666666666667, "f1-score": 0.9548112706007443, "support": 45}, "weighted avg": {"precision": 0.9590849673202615, "recall": 0.9555555555555556, "f1-score": 0.9553074605706184, "support": 45}}, "fcbf": {"0": {"precision": 0.9411764705882353, "recall": 1.0, "f1-score": 0.9696969696969697, "support": 16}, "1": {"precision": 0.95, "recall": 0.95, "f1-score": 0.9500000000000001, "support": 20}, "2": {"precision": 1.0, "recall": 0.8888888888888888, "f1-score": 0.9411764705882353, "support": 9}, "accuracy": 0.9555555555555556, "macro avg": {"precision": 0.9637254901960784, "recall": 0.9462962962962962, "f1-score": 0.9536244800950685, "support": 45}, "weighted avg": {"precision": 0.9568627450980393, "recall": 0.9555555555555556, "f1-score": 0.9552386611210141, "support": 45}}, "relief": {"0": {"precision": 0.9411764705882353, "recall": 1.0, "f1-score": 0.9696969696969697, "support": 16},